rank_scope,rank_scope_position,bestseller_rank,rank_delta,trend_score,niche_score,product_id,merchant_id,offer_key,title,brand,seller_name,price,original_price,price_delta_percent,stock_status,sales_signal,sales_signal_days,sales_signal_min,sales_signal_daily_min,rating,review_count,review_delta,question_count,campaigns,delivery_summary,detail_status,detail_age_days,url
erkek:genel-erkek,97,97,86,29,16,897481097,332840,897481097:332840,Clear Men Kepeğe Karşı Etkili Şampuan Vini Jr. Ultra Hydro Boost 350 ml x3,Clear,İkoncan,551.65,649,,InStock,,,,,4.7,55,1,7,"[""Sepette %15 İndirim"",""Kargo Bedava""]",Tahmini Teslim:,refreshed,0,https://www.trendyol.com/clear/men-kepege-karsi-etkili-sampuan-vini-jr-ultra-hydro-boost-350-ml-x3-p-897481097?boutiqueId=61&merchantId=332840
erkek:genel-erkek,115,115,79,20,10,1020914179,1177495,1020914179:1177495,Genel Markalar 10 Çift Ekonomik Paket Unısex Patik Çorap Seti nettofit tarafından üretilen,Genel Markalar,H&N Socks,138.9,,0,InStock,,,,,4,319,3,73,"[""Kargo Bedava""]",Tahmini Teslim:,refreshed,0,https://www.trendyol.com/genel-markalar/10-cift-ekonomik-paket-unisex-patik-corap-seti-nettofit-tarafindan-uretilen-p-1020914179?boutiqueId=61&merchantId=1177495
erkek:genel-erkek,88,88,76,33.1,11.5,859110319,418342,859110319:418342,Sportingen 6 Çift Pamuklu Tenis Çorap Soket Boy - Unisex,Sportingen,Sockingen,199.99,,0,InStock,Son 3 günde 250+ ürün satıldı!,3,250,83.3,4.3,,0,113,"[""Kargo Bedava""]",Tahmini Teslim:,refreshed,0,https://www.trendyol.com/sportingen/6-cift-pamuklu-tenis-corap-soket-boy-unisex-p-859110319?boutiqueId=61&merchantId=418342
erkek:genel-erkek,122,122,60,31.6,0,35839749,968,35839749:968,Dark Seer Beyaz Mavi Unisex Sneaker,Dark Seer,Trendyol,858.92,,,InStock,,,,,4.3,,0,366,"[""50 TL Kupon""]",Tahmini Teslim:,refreshed,0,https://www.trendyol.com/dark-seer/beyaz-mavi-unisex-sneaker-p-35839749?boutiqueId=690466&merchantId=968
erkek:genel-erkek,109,109,53,25.4,4.6,834794503,139435,834794503:139435,Tudors 10'lu Siyah Patik Erkek Çorap,Tudors,Tudors,449.31,,0,InStock,,,,,4.1,,0,53,"[""Kargo Bedava"",""Trendyol Plus'a Özel""]",Tahmini Teslim:,refreshed,0,https://www.trendyol.com/tudors/10-lu-siyah-patik-erkek-corap-p-834794503?boutiqueId=61&merchantId=139435
erkek:genel-erkek,68,68,50,34.1,10.5,35297753,378048,35297753:378048,Clear Men Kepeğe Karşı Etkili Şampuan Cool Sport Menthol 600 ml x3,Clear,Unilever,509.21,,0,InStock,3 günde 250+ ürün satıldı!,3,250,83.3,4.7,5467,5,366,"[""Kargo Bedava"",""Trendyol Plus'a Özel""]",Tahmini Teslim:,refreshed,0,https://www.trendyol.com/clear/men-kepege-karsi-etkili-sampuan-cool-sport-menthol-600-ml-x3-p-35297753?boutiqueId=61&merchantId=378048
erkek:genel-erkek,54,54,47,56.4,13.2,210516046,674296,210516046:674296,Mad Parfüm Mad Narcotic 100 ml Erkek Parfüm - Unisex | Çiçeksi . Meyvemsi . Karizmatik,Mad Parfüm,MAD PARFÜM,1499.99,1999.99,0,InStock,3 günde 250+ ürün satıldı!,3,250,83.3,4.3,2512,-1,1081,"[""Kargo Bedava""]",Tahmini Teslim:,refreshed,0,https://www.trendyol.com/mad-parfum/mad-narcotic-100-ml-erkek-parfum-unisex-ciceksi-meyvemsi-karizmatik-p-210516046?boutiqueId=61&merchantId=674296
erkek:genel-erkek,104,104,46,23.8,6.2,662703136,565370,662703136:565370,Çorap Kurdu 10 Çift Düz Renk Unısex Siyah Kısa Patik Çorap,Çorap Kurdu,Çorap Kurduu,133.71,,0,InStock,,,,,4.2,,0,45,"[""Kargo Bedava""]",Tahmini Teslim:,refreshed,0,https://www.trendyol.com/corap-kurdu/10-cift-duz-renk-unisex-siyah-kisa-patik-corap-p-662703136?boutiqueId=61&merchantId=565370
erkek:genel-erkek,145,145,44,28,2,80032381,197243,80032381:197243,Omega Plus Bad Girl Gece Mavisi Geçici-renkli Amonyaksız Saç Boyası 250 ml,Omega Plus,kozmopol,199.81,,-24.6,InStock,,,,,4.3,,0,881,"[""Sepette %3 İndirim"",""Kargo Bedava""]",Tahmini Teslim:,refreshed,0,https://www.trendyol.com/omega-plus/bad-girl-gece-mavisi-gecici-renkli-amonyaksiz-sac-boyasi-250-ml-p-80032381?boutiqueId=61&merchantId=197243
erkek:genel-erkek,118,118,39,27.3,2.7,37206010,347,37206010:347,Altınyıldız Classics Erkek Açık Mavi %100 Pamuk Kıvrılmaz Pike Polo Yaka Slim Fit Dar Kesim Tişört,Altınyıldız Classics,Altınyıldız Classics,499.99,,0,InStock,,,,,4.6,,0,9,"[""Kargo Bedava"",""Trendyol Plus'a Özel""]",Tahmini Teslim:,refreshed,0,https://www.trendyol.com/altinyildiz-classics/erkek-acik-mavi-100-pamuk-kivrilmaz-pike-polo-yaka-slim-fit-dar-kesim-tisort-p-37206010?boutiqueId=61&merchantId=347
erkek:genel-erkek,98,98,37,22.6,10.4,826946681,143746,826946681:143746,ORNATE Karınca Yumurtası Yağı Tüy Azaltıcı Ve Nemlendirici Serum 3'lü Süper Set 30ml,ORNATE,Ornate,647.36,667.34,-14.8,InStock,,,,,4.4,278,1,110,"[""Son 10 Günün En Düşük Fiyatı"",""Kargo Bedava"",""Son 10 günün en düşük fiyatı""]",Tahmini Teslim:,refreshed,0,https://www.trendyol.com/ornate/karinca-yumurtasi-yagi-tuy-azaltici-ve-nemlendirici-serum-3-lu-super-set-30ml-p-826946681?boutiqueId=61&merchantId=143746
erkek:genel-erkek,124,124,36,21.8,8.2,37870457,110656,37870457:110656,Daxtors D0079 Günlük Unisex Terlik,Daxtors,DAXTORS,279.24,,-6.6,InStock,,,,,4.2,,0,126,[],Tahmini Teslim:,refreshed,0,https://www.trendyol.com/daxtors/d0079-gunluk-unisex-terlik-p-37870457?boutiqueId=61&merchantId=110656
erkek:genel-erkek,101,101,35,26.6,3.4,782249398,1031124,782249398:1031124,THE BATH FACTORY Nemlendirici ve Besleyici Sweet Vanilla Duş Jeli 400 ml,THE BATH FACTORY,The Bath Factory,261.5,,-6.3,InStock,,,,,4.5,2126,0,173,"[""Kargo Bedava""]",Tahmini Teslim:,refreshed,0,https://www.trendyol.com/the-bath-factory/nemlendirici-ve-besleyici-sweet-vanilla-dus-jeli-400-ml-p-782249398?boutiqueId=61&merchantId=1031124
erkek:genel-erkek,147,147,33,21.2,8.8,230404373,179281,230404373:179281,ISANA Med Duş Jeli %5 Ure 250 Ml,ISANA,Rossmann,139,,12.1,InStock,,,,,4.5,441,1,121,"[""Sepette %11 İndirim"",""Sepette %50 İndirim"",""Kargo Bedava"",""Son 10 Günün En Düşük Fiyatı"",""Trendyol Plus'a Özel""]",Tahmini Teslim:,refreshed,0,https://www.trendyol.com/isana/med-dus-jeli-5-ure-250-ml-p-230404373?boutiqueId=61&merchantId=179281
erkek:genel-erkek,80,80,32,27.5,17,782249391,1031124,782249391:1031124,THE BATH FACTORY Nemlendirici ve Besleyici Hammam Ritual Duş Jeli 400 ml,THE BATH FACTORY,The Bath Factory,278,,0,InStock,Son 3 günde 250+ ürün satıldı!,3,250,83.3,4.6,833,0,55,"[""Kargo Bedava""]",Tahmini Teslim:,refreshed,0,https://www.trendyol.com/the-bath-factory/nemlendirici-ve-besleyici-hammam-ritual-dus-jeli-400-ml-p-782249391?boutiqueId=61&merchantId=1031124
erkek:genel-erkek,166,166,30,17,13,1124072153,774575,1124072153:774575,Batçı Saç Siyahlaştıran Anında Etkili Beyaz Kapatıcı Şampuan 350 Ml,Batçı,,389.9,,0,InStock,,,,,4.2,134,9,,"[""Kargo Bedava""]",,refreshed,0,https://www.trendyol.com/batci/sac-siyahlastiran-aninda-etkili-beyaz-kapatici-sampuan-350-ml-p-1124072153?boutiqueId=61&merchantId=774575
erkek:genel-erkek,63,63,29,16.4,28.2,989555123,108880,989555123:108880,OGX Brazilian Keratin Smooth Sülfatsız Şampuan 385 ml x2,OGX,Kenvue Türkiye,515.65,,,InStock,3 günde 250+ ürün satıldı!,3,250,83.3,4.4,33,0,31,"[""Kargo Bedava"",""Son 10 Günün En Düşük Fiyatı"",""Trendyol Plus'a Özel""]",Tahmini Teslim:,refreshed,0,https://www.trendyol.com/ogx/brazilian-keratin-smooth-sulfatsiz-sampuan-385-ml-x2-p-989555123?boutiqueId=61&merchantId=108880
erkek:genel-erkek,106,106,29,28.8,1.2,817787397,139435,817787397:139435,Tudors Unisex Oversize Geniş Kesim %100 Pamuk Yumuşak Dokulu Basic Bisiklet Yaka Beyaz Tişört,Tudors,Tudors,698.31,,0,InStock,,,,,4.3,,0,1134,"[""Kargo Bedava"",""Trendyol Plus'a Özel""]",Tahmini Teslim:,refreshed,0,https://www.trendyol.com/tudors/unisex-oversize-genis-kesim-100-pamuk-yumusak-dokulu-basic-bisiklet-yaka-beyaz-tisort-p-817787397?boutiqueId=61&merchantId=139435
erkek:genel-erkek,103,103,28,26.4,3.6,982080188,203783,982080188:203783,BGK 5 Çift Krem Soft Desenli Çorap,BGK,BGK,179.99,,0,InStock,,,,,4.4,,0,45,"[""Kargo Bedava"",""Trendyol Plus'a Özel""]",Tahmini Teslim:,refreshed,0,https://www.trendyol.com/bgk/5-cift-krem-soft-desenli-corap-p-982080188?boutiqueId=61&merchantId=203783
erkek:genel-erkek,158,158,26,25.1,4.9,753596418,131547,753596418:131547,Roxbros Okul Sırt Çantası Laptop Bölmeli Günlük Çanta Genç Kız Erkek Siyah Ilkokul - Ortakul - Lise,Roxbros,Kahrıman Çanta,1299,,5.3,InStock,,,,,4.7,,0,487,"[""Kargo Bedava"",""Peşin Fiyatına 3 Taksit""]",Tahmini Teslim:,refreshed,0,https://www.trendyol.com/roxbros/okul-sirt-cantasi-laptop-bolmeli-gunluk-canta-genc-kiz-erkek-siyah-ilkokul-ortakul-lise-p-753596418?boutiqueId=61&merchantId=131547
erkek:genel-erkek,128,128,25,51.5,9.6,1044594832,1084029,1044594832:1084029,Greentech 10 Aktifli Dökülme Karşıtı Besleyici Onarıcı ve Hızlı Uzamaya Yardımcı Şampuan,Greentech,Eczamed,199,289,0,InStock,,,,,4.2,351,1,201,"[""Son 10 Günün En Düşük Fiyatı"",""Süper Fırsat Ürünü"",""Kargo Bedava"",""Son 10 günün en düşük fiyatı""]",Tahmini Teslim:,refreshed,0,https://www.trendyol.com/greentech/10-aktifli-dokulme-karsiti-besleyici-onarici-ve-hizli-uzamaya-yardimci-sampuan-p-1044594832?boutiqueId=61&merchantId=1084029
erkek:genel-erkek,83,83,24,53.9,20.7,1143474635,1188,1143474635:1188,Defacto Erkek 7'li Kısa Çorap K4600AZNS,Defacto,DeFacto,279.99,399.99,0,InStock,Son 3 günde 250+ ürün satıldı!,3,250,83.3,4.3,,0,3,"[""Sepette %30 İndirim""]",Tahmini Teslim:,refreshed,0,https://www.trendyol.com/defacto/erkek-7-li-kisa-corap-k4600azns-p-1143474635?boutiqueId=61&merchantId=1188
erkek:genel-erkek,114,114,24,28.1,1.9,246353028,190595,246353028:190595,Tutku Erkek Elastan Likralı Boxer 6'lı Paket.,Tutku,miko,477,,0.2,InStock,,,,,4.5,,0,779,"[""Kargo Bedava"",""Son 10 Günün En Düşük Fiyatı""]",Tahmini Teslim:,refreshed,0,https://www.trendyol.com/tutku/erkek-elastan-likrali-boxer-6-li-paket-p-246353028?boutiqueId=61&merchantId=190595
erkek:genel-erkek,162,162,23,63.5,16.5,355109721,674296,355109721:674296,Mad Parfüm Mad P109 Selective 100 ml Erkek Parfüm,Mad Parfüm,MAD PARFÜM,449.99,899.99,0,InStock,,,,,4.2,48,1,24,"[""Kargo Bedava""]",Tahmini Teslim:,refreshed,0,https://www.trendyol.com/mad-parfum/mad-p109-selective-100-ml-erkek-parfum-p-355109721?boutiqueId=61&merchantId=674296
erkek:genel-erkek,117,117,22,36.2,18.3,873178956,1191406,873178956:1191406,Puma Phase Unisex Siyah Günlük Stil Sırt Çantası 09116401,Puma,Markenshop,1170.95,1301.06,0,InStock,Son 3 günde 250+ ürün satıldı!,3,250,83.3,4.7,,0,99,"[""Kargo Bedava"",""Sepette %7 İndirim"",""Peşin Fiyatına 3 Taksit""]",Tahmini Teslim:,refreshed,0,https://www.trendyol.com/puma/phase-unisex-siyah-gunluk-stil-sirt-cantasi-09116401-p-873178956?boutiqueId=61&merchantId=1191406
erkek:genel-erkek,155,155,21,28.7,1.3,828255851,901409,828255851:901409,Elvino Red Cherries Baskılı Oversize Kadın/Erkek Unisex Beyaz Tshirt,Elvino,Elvino,193.65,,0,InStock,,,,,4,,0,1024,"[""Kargo Bedava""]",Tahmini Teslim:,refreshed,0,https://www.trendyol.com/elvino/red-cherries-baskili-oversize-kadin-erkek-unisex-beyaz-tshirt-p-828255851?boutiqueId=61&merchantId=901409
erkek:genel-erkek,136,136,19,21.7,8.3,962640785,803195,962640785:803195,Vichy Dercos Energisant Niasinamid İçeren Koparak Saç Dökülmesine Karşı Etkili Şampuan Refill 400 ml,Vichy,Vichy,1104.31,,0,InStock,,,,,4.3,515,3,208,"[""Kargo Bedava"",""Trendyol Plus'a Özel""]",Tahmini Teslim:,refreshed,0,https://www.trendyol.com/vichy/dercos-energisant-niasinamid-iceren-koparak-sac-dokulmesine-karsi-etkili-sampuan-refill-400-ml-p-962640785?boutiqueId=61&merchantId=803195
erkek:genel-erkek,127,127,18,26.9,3.1,809841847,774575,809841847:774575,Batçı Saç Kapatıcı Dolgunlaştırıcı Sıvı Krem 30 ml,Batçı,Batçı Cosmetic,572.38,,0,InStock,,,,,3.9,2322,9,1684,"[""Kargo Bedava""]",Tahmini Teslim:,refreshed,0,https://www.trendyol.com/batci/sac-kapatici-dolgunlastirici-sivi-krem-30-ml-p-809841847?boutiqueId=61&merchantId=774575
erkek:genel-erkek,113,113,18,27.2,2.8,867246646,767249,867246646:767249,Çorap Çekmecesi Pamuklu Düz Beyaz Tenis Çorap 12'li,Çorap Çekmecesi,ÇORAP ÇEKMECESİ,294.52,,0,InStock,,,,,4.4,,0,145,"[""Kargo Bedava""]",Tahmini Teslim:,refreshed,0,https://www.trendyol.com/corap-cekmecesi/pamuklu-duz-beyaz-tenis-corap-12-li-p-867246646?boutiqueId=61&merchantId=767249
erkek:genel-erkek,18,18,17,85.4,63,34463249,1253656,34463249:1253656,OGX Biotin & Kolajen Dolgunlaştırıcı Sülfatsız Şampuan 385 ml x2,OGX,EMEK TOPTAN GROSS,527.63,,,InStock,Son 3 günde 1B+ ürün satıldı!,3,1000,333.3,4.4,1219,0,307,"[""Kargo Bedava"",""Son 10 Günün En Düşük Fiyatı""]",Tahmini Teslim:,refreshed,0,https://www.trendyol.com/ogx/biotin-kolajen-dolgunlastirici-sulfatsiz-sampuan-385-ml-x2-p-34463249?boutiqueId=61&merchantId=1253656
erkek:genel-erkek,116,116,16,62.6,17.4,366457320,674296,366457320:674296,Mad Parfüm Mad B102 Selective 50 ml Erkek Parfüm,Mad Parfüm,MAD PARFÜM,299.99,599.99,0,InStock,,,,,4.1,37,1,44,"[""Kargo Bedava""]",Tahmini Teslim:,refreshed,0,https://www.trendyol.com/mad-parfum/mad-b102-selective-50-ml-erkek-parfum-p-366457320?boutiqueId=61&merchantId=674296
erkek:genel-erkek,110,110,16,28.2,1.8,678459023,621845,678459023:621845,ringbox Gold Pullu Ince Zincir Şahmeran,ringbox,RingBox,199.9,,0,InStock,,,,,4.6,,0,158,"[""Kargo Bedava"",""Trendyol Plus'a Özel""]",Tahmini Teslim:,refreshed,0,https://www.trendyol.com/ringbox/gold-pullu-ince-zincir-sahmeran-p-678459023?boutiqueId=61&merchantId=621845
erkek:genel-erkek,105,105,15,27.1,2.9,814764310,529377,814764310:529377,MaVaux Havana Boncuklu Doğaya Saygılı Hasır Jüt Plaj Çantası - Tarzınıza ve Dünyaya Katkıda Bulunun!,MaVaux,Rönesans Tekstil LTD,349,,0,InStock,,,,,4.7,,0,117,"[""Kargo Bedava""]",Tahmini Teslim:,refreshed,0,https://www.trendyol.com/mavaux/havana-boncuklu-dogaya-saygili-hasir-jut-plaj-cantasi-tarziniza-ve-dunyaya-katkida-bulunun-p-814764310?boutiqueId=61&merchantId=529377
erkek:genel-erkek,146,146,15,26.2,3.8,809476822,265118,809476822:265118,Apella 900-2 Anatomik Taban Kapalı Erkek Terlik Sandalet,Apella,Kaygısız Kundura,245,,0,InStock,,,,,3.9,,0,285,"[""Kargo Bedava"",""Trendyol Plus'a Özel""]",Tahmini Teslim:,refreshed,0,https://www.trendyol.com/apella/900-2-anatomik-taban-kapali-erkek-terlik-sandalet-p-809476822?boutiqueId=61&merchantId=265118
erkek:genel-erkek,163,163,15,30.9,9.1,879198548,1191406,879198548:1191406,Puma Phase Unisex Lacivert Günlük Stil Sırt Çantası 09116402,Puma,Markenshop,1444.9,1605.44,-3.3,InStock,,,,,4.6,,0,111,"[""Sepette %10 İndirim"",""Kargo Bedava"",""Sepette %15 İndirim"",""Peşin Fiyatına 3 Taksit"",""Son 10 Günün En Düşük Fiyatı""]",Tahmini Teslim:,refreshed,0,https://www.trendyol.com/puma/phase-unisex-lacivert-gunluk-stil-sirt-cantasi-09116402-p-879198548?boutiqueId=61&merchantId=1191406
erkek:genel-erkek,172,172,15,23.2,6.8,1233544,932912,1233544:932912,Wella Koleston Single Tüp Saç Boyası 6/7 Çikolata Kahve,Wella,Wella,130,,44.6,InStock,,,,,4.4,,0,133,"[""Kargo Bedava""]",Tahmini Teslim:,refreshed,0,https://www.trendyol.com/wella/koleston-single-tup-sac-boyasi-6-7-cikolata-kahve-p-1233544?boutiqueId=61&merchantId=932912
erkek:genel-erkek,164,164,14,28,2,5217290,105153,5217290:105153,Elseve Turunculaşma Karşıtı Mor Şampuan 200ml,Elseve,Daily Glow Shop,299.9,,,InStock,,,,,4.5,3201,-21,860,"[""199,90 TL Kupon"",""375 TL Kupon"",""16 TL Kupon"",""Kargo Bedava"",""Son 10 Günün En Düşük Fiyatı"",""Trendyol Plus'a Özel""]",Tahmini Teslim:,refreshed,0,https://www.trendyol.com/elseve/turunculasma-karsiti-mor-sampuan-200ml-p-5217290?boutiqueId=61&merchantId=105153
erkek:genel-erkek,52,52,13,36.1,24,155908908,916319,155908908:916319,Tutku 8'li Fırsat Ürünü Erkek Penye Havlu Bel Boxer Karışık Renk - (siyah-gri-laci-füme) 8 Adet T0009,Tutku,USLU GYM,598.95,605,-1.3,InStock,3 günde 500+ ürün satıldı!,3,500,166.7,4.5,,0,377,"[""Kargo Bedava"",""Son 10 Günün En Düşük Fiyatı""]",Tahmini Teslim:,refreshed,0,https://www.trendyol.com/tutku/8-li-firsat-urunu-erkek-penye-havlu-bel-boxer-karisik-renk-siyah-gri-laci-fume-8-adet-t0009-p-155908908?boutiqueId=61&merchantId=916319
erkek:genel-erkek,75,75,12,34.5,10.4,219581620,423479,219581620:423479,AVCA Erkek Vegan Deri Siyah Nakit Para Bölmeli Kızaklı Mekanizmalı Cüzdan Kartlık,AVCA,AVCA,199.9,,0,InStock,Son 3 günde 250+ ürün satıldı!,3,250,83.3,4.4,,0,487,"[""Kargo Bedava""]",Tahmini Teslim:,refreshed,0,https://www.trendyol.com/avca/erkek-vegan-deri-siyah-nakit-para-bolmeli-kizakli-mekanizmali-cuzdan-kartlik-p-219581620?boutiqueId=61&merchantId=423479
erkek:genel-erkek,13,13,12,105.1,60.7,162152054,138932,162152054:138932,Palmolive Moments Nemlendirici Banyo ve Duş Jeli 500 ml x4 Adet Vücut Şampuanı + Seyahat Kiti Hediye,Palmolive,Colgate-Palmolive Kişisel Bakım Merkezi,354,372.63,-5,InStock,Son 3 günde 1B+ ürün satıldı!,3,1000,333.3,4.8,4781,-7,293,"[""Sepette %5 İndirim"",""Kargo Bedava""]",Tahmini Teslim:,refreshed,0,https://www.trendyol.com/palmolive/moments-nemlendirici-banyo-ve-dus-jeli-500-ml-x4-adet-vucut-sampuani-seyahat-kiti-hediye-p-162152054?boutiqueId=61&merchantId=138932
erkek:genel-erkek,55,55,11,28.8,15.7,971345979,733266,971345979:733266,LumenaScent S501 Erkek Parfüm Fresh Edp 50 ml,LumenaScent,FarmaStar,426.55,,0,InStock,3 günde 250+ ürün satıldı!,3,250,83.3,4,1212,0,116,"[""Kargo Bedava"",""Trendyol Plus'a Özel""]",Tahmini Teslim:,refreshed,0,https://www.trendyol.com/lumenascent/s501-erkek-parfum-fresh-edp-50-ml-p-971345979?boutiqueId=61&merchantId=733266
erkek:genel-erkek,35,35,10,50.9,30.6,782524026,1147300,782524026:1147300,Uraw Tüy Dökücü Epilasyon Kremi | Hızlı Sonuç & Acısız Uygulama 250 ml,Uraw,Uraw Company,470.63,494.19,0,InStock,Son 3 günde 500+ ürün satıldı!,3,500,166.7,3.6,2967,2,2190,"[""Kargo Bedava"",""Son 10 Günün En Düşük Fiyatı"",""Son 10 günün en düşük fiyatı""]",Tahmini Teslim:,refreshed,0,https://www.trendyol.com/uraw/tuy-dokucu-epilasyon-kremi-hizli-sonuc-acisiz-uygulama-250-ml-p-782524026?boutiqueId=61&merchantId=1147300
erkek:genel-erkek,70,70,10,31.4,13.2,319271014,1238612,319271014:1238612,Gezer Siyah Kaydırmaz Deniz Plaj Havuz Banyo Hamam Islak Zemin Terliği Günlük Terlik 14194,Gezer,Setapazarlama,89,,0,InStock,3 günde 250+ ürün satıldı!,3,250,83.3,4.1,,0,147,"[""Kargo Bedava"",""Son 10 Günün En Düşük Fiyatı""]",Tahmini Teslim:,refreshed,0,https://www.trendyol.com/gezer/siyah-kaydirmaz-deniz-plaj-havuz-banyo-hamam-islak-zemin-terligi-gunluk-terlik-14194-p-319271014?boutiqueId=61&merchantId=1238612
erkek:genel-erkek,120,120,9,24.7,5.3,71202541,263280,71202541:263280,Modafırsat Unisex Siyah Kaymaz Taban Terlik Deniz Plaj Havuz Banyo Iş Terliği Günlük Terlik,Modafırsat,Modafırsat,141.17,,7,InStock,,,,,3.9,,0,33,"[""Son 10 Günün En Düşük Fiyatı"",""Trendyol Plus'a Özel""]",Tahmini Teslim:,refreshed,0,https://www.trendyol.com/modafirsat/unisex-siyah-kaymaz-taban-terlik-deniz-plaj-havuz-banyo-is-terligi-gunluk-terlik-p-71202541?boutiqueId=61&merchantId=263280
erkek:genel-erkek,82,82,8,28.9,15.6,443469774,640343,443469774:640343,Seher Yıldızı 6'lı Penye Beyaz Erkek Atlet 0001,Seher Yıldızı,B YOU LİFE,330,,-1.5,InStock,Son 3 günde 250+ ürün satıldı!,3,250,83.3,4.5,1247,1,514,"[""Kargo Bedava""]",Tahmini Teslim:,refreshed,0,https://www.trendyol.com/seher-yildizi/6-li-penye-beyaz-erkek-atlet-0001-p-443469774?boutiqueId=61&merchantId=640343
erkek:genel-erkek,87,87,8,25,19.5,932346879,352179,932346879:352179,POLOGRAND London Orijinal Unisex Ortopedik Sırt Destekli Geniş Hacimli Çok Gözlü Ayarlanabilir Askılı Laptop Bölmeli Astarlı İlkokul Ortaokul Lise Üniversite İçin Öğrenci Yetişkin Çocuk Genç Büyük Siyah Okul Çantası,POLOGRAND London,POLOGRAND London - SOHO - Tony York Bags,998.2,,2.1,InStock,Son 3 günde 250+ ürün satıldı!,3,250,83.3,4.6,406,1,135,"[""50 TL Kupon"",""Kargo Bedava""]",Tahmini Teslim:,refreshed,0,https://www.trendyol.com/pologrand-london/orijinal-unisex-ortopedik-sirt-destekli-genis-hacimli-cok-gozlu-ayarlanabilir-askili-laptop-bolmeli-astarli-ilkokul-ortaokul-lise-universite-icin-ogrenci-yetiskin-cocuk-genc-buyuk-siyah-okul-cantasi-p-932346879?boutiqueId=61&merchantId=352179
erkek:genel-erkek,36,36,7,72.7,27.8,90429987,165724,90429987:165724,GRIMELANGE Solo Erkek %100 Organik Pamuklu Kalın Dokulu Comfort Fit Bisiklet Yakalı Siyah T-shirt,GRIMELANGE,GRIMELANGE,268.34,357.79,0,InStock,Son 3 günde 500+ ürün satıldı!,3,500,166.7,4.4,,0,1126,"[""Sepette %25 İndirim"",""Kargo Bedava""]",Tahmini Teslim:,refreshed,0,https://www.trendyol.com/grimelange/solo-erkek-100-organik-pamuklu-kalin-dokulu-comfort-fit-bisiklet-yakali-siyah-t-shirt-p-90429987?boutiqueId=61&merchantId=165724
erkek:genel-erkek,134,134,7,24.5,5.5,1083171751,948591,1083171751:948591,Genel Markalar Bay/ Whatever Baskılı Basic Regular T-shirt,Genel Markalar,worldbrands,156.03,,0,InStock,,,,,2.5,,0,235,"[""Kargo Bedava""]",Tahmini Teslim:,refreshed,0,https://www.trendyol.com/genel-markalar/bay-whatever-baskili-basic-regular-t-shirt-p-1083171751?boutiqueId=61&merchantId=948591
erkek:genel-erkek,137,137,7,23.4,6.6,867237829,781333,867237829:781333,"Rivance Saç Dökülme ve Yağlanma Karşıtı, Güçlendirici, Canlandırıcı Sülfatsız Bambu Özlü Biberiye Şampuanı",Rivance,Rivance,192.02,,-49.5,InStock,,,,,3.9,840,0,734,"[""Kargo Bedava""]",Tahmini Teslim:,refreshed,0,https://www.trendyol.com/rivance/sac-dokulme-ve-yaglanma-karsiti-guclendirici-canlandirici-sulfatsiz-bambu-ozlu-biberiye-sampuani-p-867237829?boutiqueId=61&merchantId=781333
erkek:genel-erkek,188,188,7,25.1,6.9,683553108,108374,683553108:108374,Angel Eyes Siyah Camlı Siyah Çerçeveli Unisex Güneş Gözlüğü Ae981c1,Angel Eyes,Angel Eyes,322.42,329,3.2,InStock,,,,,4.4,,-361,162,"[""Sepette %2 İndirim"",""9 TL Kupon"",""Kargo Bedava""]",Tahmini Teslim:,refreshed,0,https://www.trendyol.com/angel-eyes/siyah-camli-siyah-cerceveli-unisex-gunes-gozlugu-ae981c1-p-683553108?boutiqueId=61&merchantId=108374
erkek:genel-erkek,20,20,6,84.1,35.8,6914599,202132,6914599:202132,Tutku Erkek Beyaz 6'lı Paket Pamuklu Penye Atlet,Tutku,giyimsepeti,495,500,,InStock,Son 3 günde 500+ ürün satıldı!,3,500,166.7,4.4,,0,5533,"[""Sepette %1 İndirim"",""30 TL Kupon"",""Kargo Bedava""]",Tahmini Teslim:,refreshed,0,https://www.trendyol.com/tutku/erkek-beyaz-6-li-paket-pamuklu-penye-atlet-p-6914599?boutiqueId=61&merchantId=202132
erkek:genel-erkek,23,23,6,71.6,35.1,662703048,565370,662703048:565370,Çorap Kurdu 10'lu Ekonomik Paket Unısex Beyaz Kısa Spor Patik Çorap,Çorap Kurdu,Çorap Kurduu,133.58,,0,InStock,Son 3 günde 500+ ürün satıldı!,3,500,166.7,4.2,,0,114,"[""Kargo Bedava""]",Tahmini Teslim:,refreshed,0,https://www.trendyol.com/corap-kurdu/10-lu-ekonomik-paket-unisex-beyaz-kisa-spor-patik-corap-p-662703048?boutiqueId=61&merchantId=565370
erkek:genel-erkek,48,48,6,36.8,11.4,122415316,262784,122415316:262784,UZARLAR ÇORAP 10 Çift Ekonomik Paket Beyaz Patik Çorap,UZARLAR ÇORAP,B&D SOCKS,149.9,,0,InStock,Son 3 günde 250+ ürün satıldı!,3,250,83.3,4.4,,0,237,"[""Kargo Bedava""]",Tahmini Teslim:,refreshed,0,https://www.trendyol.com/uzarlar-corap/10-cift-ekonomik-paket-beyaz-patik-corap-p-122415316?boutiqueId=61&merchantId=262784
erkek:genel-erkek,72,72,6,31.4,13.1,6062531,488161,6062531:488161,Igora Royal Özel Seriler 0-22 Turuncu Azaltıcı Saç Boyası 60ml,Igora,MAS BEAUTY,493,,0.6,InStock,3 günde 250+ ürün satıldı!,3,250,83.3,4.3,2564,0,2071,"[""Kargo Bedava"",""Trendyol Plus'a Özel""]",Tahmini Teslim:,refreshed,0,https://www.trendyol.com/igora/royal-ozel-seriler-0-22-turuncu-azaltici-sac-boyasi-60ml-p-6062531?boutiqueId=61&merchantId=488161
erkek:genel-erkek,108,108,6,15.1,14.9,1162265157,347,1162265157:347,AC&Co / Altınyıldız Classics Erkek Lacivert-Beyaz Pamuklu Slim Fit Dar Kesim Polo Yaka Tişört,AC&Co / Altınyıldız Classics,Altınyıldız Classics,349.99,,5.3,InStock,,,,,4.6,,0,1,"[""Kargo Bedava"",""Trendyol Plus'a Özel""]",Tahmini Teslim:,refreshed,0,https://www.trendyol.com/ac-co-altinyildiz-classics/erkek-lacivert-beyaz-pamuklu-slim-fit-dar-kesim-polo-yaka-tisort-p-1162265157?boutiqueId=61&merchantId=347
erkek:genel-erkek,50,50,6,36.6,10.4,85437,110964,85437:110964,"Tereson El,ayak, Koltuk Altı Terleme Önleyici Ve Ter Kokusuna Karşı Koruma Antiperspirant Sprey 50 ml",Tereson,Tereson,223.92,,0,InStock,3 günde 250+ ürün satıldı!,3,250,83.3,4.3,11327,-43,4066,"[""Kargo Bedava"",""Trendyol Plus'a Özel""]",Tahmini Teslim:,refreshed,0,https://www.trendyol.com/tereson/el-ayak-koltuk-alti-terleme-onleyici-ve-ter-kokusuna-karsi-koruma-antiperspirant-sprey-50-ml-p-85437?boutiqueId=61&merchantId=110964
erkek:genel-erkek,44,44,5,49.1,24.7,875718490,650812,875718490:650812,Jeven Brus Girl Magnet Erkek Parfüm - Extrait de Parfum 50 ml,Jeven Brus,Jeven Brus Parfüm,1670,1890,-7,InStock,Son 3 günde 500+ ürün satıldı!,3,500,166.7,4.3,4390,16,418,"[""Kargo Bedava"",""Son 10 Günün En Düşük Fiyatı"",""Son 10 günün en düşük fiyatı""]",Tahmini Teslim:,refreshed,0,https://www.trendyol.com/jeven-brus/girl-magnet-erkek-parfum-extrait-de-parfum-50-ml-p-875718490?boutiqueId=61&merchantId=650812
erkek:genel-erkek,12,12,5,96.7,66.6,971346192,733266,971346192:733266,LumenaScent S401 Erkek Parfüm Woody Edp 50 ml,LumenaScent,FarmaStar,426.55,,0,InStock,Son 3 günde 1B+ ürün satıldı!,3,1000,333.3,3.9,1015,6,104,"[""Kargo Bedava"",""Trendyol Plus'a Özel""]",Tahmini Teslim:,refreshed,0,https://www.trendyol.com/lumenascent/s401-erkek-parfum-woody-edp-50-ml-p-971346192?boutiqueId=61&merchantId=733266
erkek:genel-erkek,91,91,5,29.6,15,993932462,897822,993932462:897822,Biorgin Collagen+Biotin Anti Hairloss Şampuan 400ML,Biorgin,Biorgin Cosmetic,649,,0,InStock,Son 3 günde 250+ ürün satıldı!,3,250,83.3,3.9,1521,2,524,"[""Kargo Bedava""]",Tahmini Teslim:,refreshed,0,https://www.trendyol.com/biorgin/collagen-biotin-anti-hairloss-sampuan-400ml-p-993932462?boutiqueId=61&merchantId=897822
erkek:genel-erkek,32,32,5,68.5,29.8,853470575,139435,853470575:139435,Tudors Erkek 5'li Pamuklu Likralı Esnek Kumaş Siyah Boxer,Tudors,Tudors,433.41,494.11,0,InStock,Son 3 günde 500+ ürün satıldı!,3,500,166.7,3.6,,0,51,"[""Son 10 Günün En Düşük Fiyatı"",""Kargo Bedava"",""Son 10 günün en düşük fiyatı""]",Tahmini Teslim:,refreshed,0,https://www.trendyol.com/tudors/erkek-5-li-pamuklu-likrali-esnek-kumas-siyah-boxer-p-853470575?boutiqueId=61&merchantId=139435
erkek:genel-erkek,37,37,5,48.9,27.3,224555799,347,224555799:347,AC&Co / Altınyıldız Classics Erkek/unisex Beyaz %100 Pamuk Slim Fit Dar Kesim Bisiklet Yaka Basic Tişört,AC&Co / Altınyıldız Classics,Altınyıldız Classics,332.99,,-4.9,InStock,Son 3 günde 500+ ürün satıldı!,3,500,166.7,4.5,,0,363,"[""Kargo Bedava"",""Trendyol Plus'a Özel""]",Tahmini Teslim:,refreshed,0,https://www.trendyol.com/ac-co-altinyildiz-classics/erkek-unisex-beyaz-100-pamuk-slim-fit-dar-kesim-bisiklet-yaka-basic-tisort-p-224555799?boutiqueId=61&merchantId=347
erkek:genel-erkek,41,41,5,42.5,25.3,755959339,203783,755959339:203783,BGK Unisex 8 Çift Pamuklu Basic Derbili Çorap,BGK,BGK,199.99,,0,InStock,Son 3 günde 500+ ürün satıldı!,3,500,166.7,4.4,,0,322,"[""Kargo Bedava"",""Trendyol Plus'a Özel""]",Tahmini Teslim:,refreshed,0,https://www.trendyol.com/bgk/unisex-8-cift-pamuklu-basic-derbili-corap-p-755959339?boutiqueId=61&merchantId=203783
erkek:genel-erkek,42,42,5,42,24.8,122649100,262784,122649100:262784,UZARLAR ÇORAP 10 Çift Ekonomik Paket Siyah Patik Çorap,UZARLAR ÇORAP,B&D SOCKS,149.9,,0,InStock,Son 3 günde 500+ ürün satıldı!,3,500,166.7,4.3,,0,402,"[""Kargo Bedava""]",Tahmini Teslim:,refreshed,0,https://www.trendyol.com/uzarlar-corap/10-cift-ekonomik-paket-siyah-patik-corap-p-122649100?boutiqueId=61&merchantId=262784
erkek:genel-erkek,89,89,4,29.4,15.2,863656801,933868,863656801:933868,SimyCare Kemik İlikli Tuzsuz Saç Şampuanı - 500 ml,SimyCare,SIMY,749,,0,InStock,Son 3 günde 250+ ürün satıldı!,3,250,83.3,4.2,1430,1,691,"[""Kargo Bedava""]",Tahmini Teslim:,refreshed,0,https://www.trendyol.com/simycare/kemik-ilikli-tuzsuz-sac-sampuani-500-ml-p-863656801?boutiqueId=61&merchantId=933868
erkek:genel-erkek,30,30,4,58.2,30.9,41708616,138065,41708616:138065,Bargello 561 Erkek 50 ml Parfüm Edp Fresh,Bargello,Bargello,600,,0,InStock,Son 3 günde 500+ ürün satıldı!,3,500,166.7,4.5,5452,0,2014,"[""Kargo Bedava""]",Tahmini Teslim:,refreshed,0,https://www.trendyol.com/bargello/561-erkek-50-ml-parfum-edp-fresh-p-41708616?boutiqueId=61&merchantId=138065
erkek:genel-erkek,51,51,4,43.5,20.8,266693051,404545,266693051:404545,BYENS Dik Duruş Korsesi Kamburluk Sırt Omuz Korse Durmak Için Kadın Erkek Durma Aparatı Kambur Kifoz,BYENS,Pratik Center BYENS,494.26,499.77,0,InStock,3 günde 500+ ürün satıldı!,3,500,166.7,4.4,,0,4620,"[""Kargo Bedava"",""Son 10 Günün En Düşük Fiyatı"",""Son 10 günün en düşük fiyatı""]",Tahmini Teslim:,refreshed,0,https://www.trendyol.com/byens/dik-durus-korsesi-kamburluk-sirt-omuz-korse-durmak-icin-kadin-erkek-durma-aparati-kambur-kifoz-p-266693051?boutiqueId=61&merchantId=404545
erkek:genel-erkek,111,111,4,26.8,3.2,74439213,644720,74439213:644720,wiesmann 5 Katlı Metal Dolap İçi Akıllı Krom Kaplama Askı Pantolon Askısı 5 Katlı,wiesmann,BİLGEAĞAÇ,74.5,,0,InStock,,,,,4.4,2231,-11,123,"[""Kargo Bedava"",""Trendyol Plus'a Özel""]",Tahmini Teslim:,refreshed,0,https://www.trendyol.com/wiesmann/5-katli-metal-dolap-ici-akilli-krom-kaplama-aski-pantolon-askisi-5-katli-p-74439213?boutiqueId=61&merchantId=644720
erkek:genel-erkek,47,47,3,36.4,24.3,41194137,701202,41194137:701202,Bargello 709 Erkek Parfüm Edp Orıental 50 ml,Bargello,Efes Kozmetik,600,,0,InStock,Son 3 günde 500+ ürün satıldı!,3,500,166.7,4.5,3180,1,1423,"[""Kargo Bedava""]",Tahmini Teslim:,refreshed,0,https://www.trendyol.com/bargello/709-erkek-parfum-edp-oriental-50-ml-p-41194137?boutiqueId=61&merchantId=701202
erkek:genel-erkek,27,27,3,69.4,32.3,37206082,347,37206082:347,AC&Co / Altınyıldız Classics Erkek Çekmeyen Pamuklu Kumaş Slim Fit Dar Kesim Beyaz Kıvrılmaz Polo Yaka T-shirt,AC&Co / Altınyıldız Classics,Altınyıldız Classics,449.99,,5.3,InStock,Son 3 günde 500+ ürün satıldı!,3,500,166.7,4.6,,0,218,"[""Kargo Bedava"",""Trendyol Plus'a Özel""]",Tahmini Teslim:,refreshed,0,https://www.trendyol.com/ac-co-altinyildiz-classics/erkek-cekmeyen-pamuklu-kumas-slim-fit-dar-kesim-beyaz-kivrilmaz-polo-yaka-t-shirt-p-37206082?boutiqueId=61&merchantId=347
erkek:genel-erkek,28,28,3,66.6,31.8,220686963,347,220686963:347,AC&Co / Altınyıldız Classics Erkek/unisex Siyah %100 Pamuk Slim Fit Dar Kesim Bisiklet Yaka Basic Tişört,AC&Co / Altınyıldız Classics,Altınyıldız Classics,332.99,,-4.9,InStock,Son 3 günde 500+ ürün satıldı!,3,500,166.7,4.6,,0,224,"[""Kargo Bedava"",""Trendyol Plus'a Özel""]",Tahmini Teslim:,refreshed,0,https://www.trendyol.com/ac-co-altinyildiz-classics/erkek-unisex-siyah-100-pamuk-slim-fit-dar-kesim-bisiklet-yaka-basic-tisort-p-220686963?boutiqueId=61&merchantId=347
erkek:genel-erkek,4,4,3,197.5,73,716412326,529402,716412326:529402,New Well Ter Önleyici Beyazlatıcı Roll-on 50 ml,New Well,NEW WELL,191.31,499.9,0,InStock,Son 3 günde 2B+ ürün satıldı!,3,2000,666.7,4.5,16584,-50,1996,"[""Son 10 Günün En Düşük Fiyatı"",""Kargo Bedava"",""Son 10 günün en düşük fiyatı""]",Tahmini Teslim:,refreshed,0,https://www.trendyol.com/new-well/ter-onleyici-beyazlatici-roll-on-50-ml-p-716412326?boutiqueId=61&merchantId=529402
erkek:genel-erkek,8,8,2,125.3,71,841178228,650812,841178228:650812,Jeven Brus Kiss Me Erkek Parfüm - Edp 50 ml,Jeven Brus,Jeven Brus Parfüm,1795.5,,0,InStock,Son 3 günde 2B+ ürün satıldı!,3,2000,666.7,4.2,8282,34,1347,"[""Kargo Bedava"",""Trendyol Plus'a Özel""]",Tahmini Teslim:,refreshed,0,https://www.trendyol.com/jeven-brus/kiss-me-erkek-parfum-edp-50-ml-p-841178228?boutiqueId=61&merchantId=650812
erkek:genel-erkek,39,39,2,24.5,43.2,1161167547,1164569,1161167547:1164569,Laslusa BUTTER SQUISHY,Laslusa,BTA OYUN ALETLERİ,187.11,189,-16,InStock,Son 3 günde 500+ ürün satıldı!,3,500,166.7,3.6,43,4,60,"[""Sepette %1 İndirim"",""Kargo Bedava"",""Son 10 Günün En Düşük Fiyatı"",""Trendyol Plus'a Özel""]",Tahmini Teslim:,refreshed,0,https://www.trendyol.com/laslusa/butter-squishy-p-1161167547?boutiqueId=61&merchantId=1164569
erkek:genel-erkek,16,16,2,93,60.3,890669535,1266961,890669535:1266961,Embeauty Kepek Kaşıntı Ve Egzama Karşıtı 9 Aktifli Kepek Karşıtı Tuzsuz Sampuan 400 ml,Embeauty,Kozmeva,430,,1.2,InStock,Son 3 günde 1B+ ürün satıldı!,3,1000,333.3,4,3522,3,1403,"[""Kargo Bedava"",""Trendyol Plus'a Özel""]",Tahmini Teslim:,refreshed,0,https://www.trendyol.com/embeauty/kepek-kasinti-ve-egzama-karsiti-9-aktifli-kepek-karsiti-tuzsuz-sampuan-400-ml-p-890669535?boutiqueId=61&merchantId=1266961
erkek:genel-erkek,56,56,2,33.9,10.7,879885114,106292,879885114:106292,Tonny Black Unisex Beyaz Siyah Termo Taban Yanı Şeritli Bağcıklı Spor Ayakkabı,Tonny Black,Tonny Black,644.5,,0,InStock,3 günde 250+ ürün satıldı!,3,250,83.3,4.1,,0,1188,"[""Kargo Bedava""]",Tahmini Teslim:,refreshed,0,https://www.trendyol.com/tonny-black/unisex-beyaz-siyah-termo-taban-yani-seritli-bagcikli-spor-ayakkabi-p-879885114?boutiqueId=61&merchantId=106292
erkek:genel-erkek,79,79,2,33.1,11.5,871327021,139435,871327021:139435,Tudors Erkek 5'li Pamuklu Likralı Esnek Kumaş Boxer,Tudors,Tudors,549.21,,1.1,InStock,Son 3 günde 250+ ürün satıldı!,3,250,83.3,3.9,,0,42,"[""Kargo Bedava"",""Son 10 Günün En Düşük Fiyatı"",""Trendyol Plus'a Özel""]",Tahmini Teslim:,refreshed,0,https://www.trendyol.com/tudors/erkek-5-li-pamuklu-likrali-esnek-kumas-boxer-p-871327021?boutiqueId=61&merchantId=139435
erkek:genel-erkek,22,22,1,72.1,39.9,824884209,685632,824884209:685632,Genel Markalar Kadın Erkek Şeffaf Kaymaz Taban Deniz Plaj Ayakkabısı,Genel Markalar,MODVALU,173,178,-3.8,InStock,Son 3 günde 500+ ürün satıldı!,3,500,166.7,4.3,,0,151,"[""Son 10 Günün En Düşük Fiyatı"",""Kargo Bedava"",""Son 10 günün en düşük fiyatı""]",Tahmini Teslim:,refreshed,0,https://www.trendyol.com/genel-markalar/kadin-erkek-seffaf-kaymaz-taban-deniz-plaj-ayakkabisi-p-824884209?boutiqueId=61&merchantId=685632
erkek:genel-erkek,31,31,1,55.7,31,819543890,106292,819543890:106292,Tonny Black Unisex Siyah Beyaz Nefes Alabilen Kumaş Poli Taban Bağcıklı Spor Ayakkabı,Tonny Black,Tonny Black,567.41,,0,InStock,Son 3 günde 500+ ürün satıldı!,3,500,166.7,4.4,,0,300,"[""Kargo Bedava""]",Tahmini Teslim:,refreshed,0,https://www.trendyol.com/tonny-black/unisex-siyah-beyaz-nefes-alabilen-kumas-poli-taban-bagcikli-spor-ayakkabi-p-819543890?boutiqueId=61&merchantId=106292
erkek:genel-erkek,74,74,1,38.5,16,149125284,145455,149125284:145455,Bic Flex 5 Hybrid Yedek Tıraş Bıçağı Kartuşu 4'lü (4 YEDEK BAŞLIK SAPSIZ),Bic,A Pazar,173.49,192.77,-19.6,InStock,Son 3 günde 250+ ürün satıldı!,3,250,83.3,4.7,1113,0,196,"[""Sepette %10 İndirim"",""Kargo Bedava""]",Tahmini Teslim:,refreshed,0,https://www.trendyol.com/bic/flex-5-hybrid-yedek-tiras-bicagi-kartusu-4-lu-4-yedek-baslik-sapsiz-p-149125284?boutiqueId=61&merchantId=145455
erkek:genel-erkek,135,135,1,29.1,0.9,83134151,347,83134151:347,AC&Co / Altınyıldız Classics Erkek Beyaz Kolay Ütülenebilen %100 Pamuk Keten Görünümlü Nefes Alabilen Terletmez Slim Fit Gömlek,AC&Co / Altınyıldız Classics,Altınyıldız Classics,933.99,,0,InStock,,,,,4.6,,0,97,"[""Kargo Bedava"",""Trendyol Plus'a Özel""]",Tahmini Teslim:,refreshed,0,https://www.trendyol.com/ac-co-altinyildiz-classics/erkek-beyaz-kolay-utulenebilen-100-pamuk-keten-gorunumlu-nefes-alabilen-terletmez-slim-fit-gomlek-p-83134151?boutiqueId=61&merchantId=347
erkek:genel-erkek,2,2,1,142.7,74,98844337,1125806,98844337:1125806,EPİFY Epify Tüy Dökücü Krem,EPİFY,Epify,549,,0,InStock,Son 3 günde 2B+ ürün satıldı!,3,2000,666.7,3.6,,-19256,10817,"[""Kargo Bedava"",""Trendyol Plus'a Özel""]",Tahmini Teslim:,refreshed,0,https://www.trendyol.com/epify/epify-tuy-dokucu-krem-p-98844337?boutiqueId=61&merchantId=1125806
erkek:genel-erkek,9,9,0,116.8,70.7,887249661,1307543,887249661:1307543,THE BATH FACTORY Nemlendirici Ve Besleyici Liberty Duş Jeli 400 ml,THE BATH FACTORY,F-R Kozmetik,238.16,,,InStock,"Son 3 günde 1,5B+ ürün satıldı!",3,1500,500,4.5,5357,5,418,"[""Kargo Bedava""]",Tahmini Teslim:,refreshed,0,https://www.trendyol.com/the-bath-factory/nemlendirici-ve-besleyici-liberty-dus-jeli-400-ml-p-887249661?boutiqueId=61&merchantId=1307543
erkek:genel-erkek,11,11,0,107.9,61.2,474728905,707288,474728905:707288,ORNATE Karınca Yumurtası Yağlı Tüy Azaltıcı Ve Tüy Serum 30ml %0.5 Formic Acid %10 Aloe Vera,ORNATE,Beauty Stock,349.99,,0,InStock,Son 3 günde 1B+ ürün satıldı!,3,1000,333.3,4.3,14464,4,8377,"[""Kargo Bedava""]",Tahmini Teslim:,refreshed,0,https://www.trendyol.com/ornate/karinca-yumurtasi-yagli-tuy-azaltici-ve-tuy-serum-30ml-0-5-formic-acid-10-aloe-vera-p-474728905?boutiqueId=61&merchantId=707288
erkek:genel-erkek,19,19,0,79.1,37.6,695807899,106852,695807899:106852,Siveno %100 Doğal Roll-on Beyazlatıcı Etkili Deodorant Ter Kokusu Önleyici Bitkisel Lekesiz Vegan 50 ml,Siveno,Siveno,269.91,,0,InStock,Son 3 günde 500+ ürün satıldı!,3,500,166.7,4.5,3907,3,833,"[""Kargo Bedava"",""Trendyol Plus'a Özel""]",Tahmini Teslim:,refreshed,0,https://www.trendyol.com/siveno/100-dogal-roll-on-beyazlatici-etkili-deodorant-ter-kokusu-onleyici-bitkisel-lekesiz-vegan-50-ml-p-695807899?boutiqueId=61&merchantId=106852
erkek:genel-erkek,125,125,0,27.3,9.8,378816994,105249,378816994:105249,U.S. Polo Assn. USPA1051-04 Erkek Kol Saati,U.S. Polo Assn.,SAATVESAAT,1971,2121,0,InStock,,,,,4.6,332,3,202,"[""Kargo Bedava"",""Peşin Fiyatına 3 Taksit""]",Tahmini Teslim:,refreshed,0,https://www.trendyol.com/u-s-polo-assn/uspa1051-04-erkek-kol-saati-p-378816994?boutiqueId=61&merchantId=105249
erkek:genel-erkek,59,59,,69.6,25,721182650,674296,721182650:674296,Mad Parfüm Mad Mare 50 ml Erkek Parfüm | Odunsu - Aquatic - Cesur,Mad Parfüm,MAD PARFÜM,1999.99,3999.99,0,InStock,3 günde 250+ ürün satıldı!,3,250,83.3,4.3,83,1,70,"[""Kargo Bedava"",""Son 10 Günün En Düşük Fiyatı"",""Son 10 günün en düşük fiyatı""]",Tahmini Teslim:,refreshed,0,https://www.trendyol.com/mad-parfum/mad-mare-50-ml-erkek-parfum-odunsu-aquatic-cesur-p-721182650?boutiqueId=61&merchantId=674296
erkek:genel-erkek,69,69,0,38.8,17.6,1137131429,1292014,1137131429:1292014,New Block Kinku Judy Hopps - Nick Wilde Mini 3D Puzzle / Sevimli Figür / 2'Li Eğlenceli Set / Hobi+..,New Block,ÜÇLER,134.9,153,-11.8,InStock,3 günde 250+ ürün satıldı!,3,250,83.3,4,718,1,132,"[""Son 10 Günün En Düşük Fiyatı"",""Kargo Bedava"",""Son 10 günün en düşük fiyatı""]",Tahmini Teslim:,refreshed,0,https://www.trendyol.com/new-block/kinku-judy-hopps-nick-wilde-mini-3d-puzzle-sevimli-figur-2-li-eglenceli-set-hobi-p-1137131429?boutiqueId=61&merchantId=1292014
erkek:genel-erkek,167,167,,25.1,4.9,272618374,301311,272618374:301311,Bargello 709x2(2ADET) Oriental Edp 50 ml Erkek Parfüm-rsaf709709,Bargello,Bargello Parfüm Center,900,,0,InStock,,,,,4.6,1364,1,1042,"[""Kargo Bedava""]",Tahmini Teslim:,refreshed,0,https://www.trendyol.com/bargello/709x2-2adet-oriental-edp-50-ml-erkek-parfum-rsaf709709-p-272618374?boutiqueId=61&merchantId=301311
erkek:genel-erkek,5,5,-1,143,78.3,940900057,707288,940900057:707288,"ORNATE Karınca Tüy Azaltıcı Beyazlatıcı, Koku Ve Ter Karşıtı Unisex Doğal Roll On - Aliminyum Içermez",ORNATE,Beauty Stock,284.36,349.99,-28.9,InStock,Son 3 günde 2B+ ürün satıldı!,3,2000,666.7,4.3,1069,24,82,"[""Son 10 Günün En Düşük Fiyatı"",""Kargo Bedava"",""Son 10 günün en düşük fiyatı""]",Tahmini Teslim:,refreshed,0,https://www.trendyol.com/ornate/karinca-tuy-azaltici-beyazlatici-koku-ve-ter-karsiti-unisex-dogal-roll-on-aliminyum-icermez-p-940900057?boutiqueId=61&merchantId=707288
erkek:genel-erkek,15,15,-1,96.2,59.6,875712530,650812,875712530:650812,Jeven Brus Libido Erkek Parfüm - Extrait de Parfum 50 ml,Jeven Brus,Jeven Brus Parfüm,1795.5,,0,InStock,Son 3 günde 1B+ ürün satıldı!,3,1000,333.3,4,4899,23,480,"[""Kargo Bedava"",""Trendyol Plus'a Özel""]",Tahmini Teslim:,refreshed,0,https://www.trendyol.com/jeven-brus/libido-erkek-parfum-extrait-de-parfum-50-ml-p-875712530?boutiqueId=61&merchantId=650812
erkek:genel-erkek,21,21,-1,78.6,35.3,729812633,139435,729812633:139435,TDRS Narcotic 100 ML Bergamot Özel Seri Uzun Süre Kalıcı Erkek Parfüm,TDRS,Tudors,418.82,,0,InStock,Son 3 günde 500+ ürün satıldı!,3,500,166.7,4.2,10843,8,1361,"[""Kargo Bedava"",""Trendyol Plus'a Özel""]",Tahmini Teslim:,refreshed,0,https://www.trendyol.com/tdrs/narcotic-100-ml-bergamot-ozel-seri-uzun-sure-kalici-erkek-parfum-p-729812633?boutiqueId=61&merchantId=139435
erkek:genel-erkek,3,3,-1,129.1,78.4,900381109,1224693,900381109:1224693,"icollagen Kolajen, Isırgan Otu, Prebiyotik Şampuan - Dökülen Ve Geç Uzayan Yağlanma Karşıtı",icollagen,Doctamin iCollagen,450,,0,InStock,Son 3 günde 2B+ ürün satıldı!,3,2000,666.7,4.4,1358,5,338,"[""Kargo Bedava""]",Tahmini Teslim:,refreshed,0,https://www.trendyol.com/icollagen/kolajen-isirgan-otu-prebiyotik-sampuan-dokulen-ve-gec-uzayan-yaglanma-karsiti-p-900381109?boutiqueId=61&merchantId=1224693
erkek:genel-erkek,45,45,-1,35.4,26.3,3952782,106852,3952782:106852,Siveno %100 Doğal Roll-on Erkek Deodorant Ter Kokusu Önleyici Bitkisel Leke Bırakmayan Vegan 50 ml,Siveno,Siveno,269.91,,0,InStock,Son 3 günde 500+ ürün satıldı!,3,500,166.7,4.6,2390,1,187,"[""Kargo Bedava"",""Trendyol Plus'a Özel""]",Tahmini Teslim:,refreshed,0,https://www.trendyol.com/siveno/100-dogal-roll-on-erkek-deodorant-ter-kokusu-onleyici-bitkisel-leke-birakmayan-vegan-50-ml-p-3952782?boutiqueId=61&merchantId=106852
erkek:genel-erkek,10,10,-2,105.2,79.8,1183220792,107599,1183220792:107599,"Xoom Liberty Kalıcı Etkili Duş Jeli 200 ML – Cildi nemlendiren , Kalıcı Koku",Xoom,ENUCUZAVN,395,,-1,InStock,"Son 3 günde 1,5B+ ürün satıldı!",3,1500,500,5,336,15,7,"[""Kargo Bedava""]",Tahmini Teslim:,refreshed,0,https://www.trendyol.com/xoom/liberty-kalici-etkili-dus-jeli-200-ml-cildi-nemlendiren-kalici-koku-p-1183220792?boutiqueId=61&merchantId=107599
erkek:genel-erkek,7,7,-2,148.3,74.2,1057332988,1080836,1057332988:1080836,gloceans feel the glow Peptide Complex & Keratin Saç Dökülmesine Karşı Sağlıklı Saç Uzatan Onarıcı Besleyici Şampuan,gloceans feel the glow,GLOCEANS,356.92,475.9,0,InStock,Son 3 günde 2B+ ürün satıldı!,3,2000,666.7,4.2,2589,7,1279,"[""Sepette %25 İndirim"",""Kargo Bedava""]",Tahmini Teslim:,refreshed,0,https://www.trendyol.com/gloceans-feel-the-glow/peptide-complex-keratin-sac-dokulmesine-karsi-saglikli-sac-uzatan-onarici-besleyici-sampuan-p-1057332988?boutiqueId=61&merchantId=1080836
erkek:genel-erkek,61,61,-2,33.9,10.7,220058044,139435,220058044:139435,TDRS Dark Royal Ozonik Özel Seri Uzun Süre Kalıcı 100 ML EDP Erkek Parfüm,TDRS,Tudors,399.85,,0,InStock,3 günde 250+ ürün satıldı!,3,250,83.3,4.3,5223,6,616,"[""Kargo Bedava"",""Trendyol Plus'a Özel""]",Tahmini Teslim:,refreshed,0,https://www.trendyol.com/tdrs/dark-royal-ozonik-ozel-seri-uzun-sure-kalici-100-ml-edp-erkek-parfum-p-220058044?boutiqueId=61&merchantId=139435
erkek:genel-erkek,25,25,-3,63.9,37.8,930355531,237664,930355531:237664,Egş DERMA delete ATKUYRUK ÖZLÜ ŞAMPUAN Dökülmelere Karşı Hızlı Sac Uzatan Onarcı Karışım,Egş DERMA delete,Egş DERMA delete,575,,0,InStock,Son 3 günde 500+ ürün satıldı!,3,500,166.7,3.9,1551,2,1124,"[""Kargo Bedava""]",Tahmini Teslim:,refreshed,0,https://www.trendyol.com/egs-derma-delete/atkuyruk-ozlu-sampuan-dokulmelere-karsi-hizli-sac-uzatan-onarci-karisim-p-930355531?boutiqueId=61&merchantId=237664
erkek:genel-erkek,78,78,-4,27.7,16.9,794009493,895323,794009493:895323,glabella G75 Kirke Edp Erkek Parfüm,glabella,Glabella Kozmetik,699,,0,InStock,Son 3 günde 250+ ürün satıldı!,3,250,83.3,4.1,868,2,448,"[""Kargo Bedava""]",Tahmini Teslim:,refreshed,0,https://www.trendyol.com/glabella/g75-kirke-edp-erkek-parfum-p-794009493?boutiqueId=61&merchantId=895323
erkek:genel-erkek,43,43,-5,33,29.7,1100692352,774845,1100692352:774845,NUTRAX Nutraxmen Kalıcı Erkek Parfüm EDP 50 ml Odunsu Baharatlı,NUTRAX,NUTRAX,940.5,,0,InStock,Son 3 günde 500+ ürün satıldı!,3,500,166.7,4.2,1200,15,315,"[""50 TL Kupon"",""Kargo Bedava"",""Trendyol Plus'a Özel""]",Tahmini Teslim:,refreshed,0,https://www.trendyol.com/nutrax/nutraxmen-kalici-erkek-parfum-edp-50-ml-odunsu-baharatli-p-1100692352?boutiqueId=61&merchantId=774845
erkek:genel-erkek,96,96,-5,21.2,23.4,957961502,141596,957961502:141596,Genel Markalar 22 Ayar Altın Kaplama Tırtıklı Model Ajda Bilezik 1 Adet,Genel Markalar,X-Lady Accessories,91.67,,3.8,InStock,Son 3 günde 250+ ürün satıldı!,3,250,83.3,3.4,132,8,270,"[""Kargo Bedava"",""Trendyol Plus'a Özel""]",Tahmini Teslim:,refreshed,0,https://www.trendyol.com/genel-markalar/22-ayar-altin-kaplama-tirtikli-model-ajda-bilezik-1-adet-p-957961502?boutiqueId=61&merchantId=141596
erkek:genel-erkek,53,53,-5,22.8,21.8,852146012,1177495,852146012:1177495,Genel Markalar 10 Çift Ekonomik Paket Patik Çorap Beyaz Patik Çorap Düz Çorap,Genel Markalar,H&N Socks,144.25,,0,InStock,3 günde 250+ ürün satıldı!,3,250,83.3,4.3,213,3,43,"[""Kargo Bedava"",""Trendyol Plus'a Özel""]",Tahmini Teslim:,refreshed,0,https://www.trendyol.com/genel-markalar/10-cift-ekonomik-paket-patik-corap-beyaz-patik-corap-duz-corap-p-852146012?boutiqueId=61&merchantId=1177495
erkek:genel-erkek,77,77,-5,32.5,12.1,834529801,707288,834529801:707288,ORNATE Karınca Yumurtası Tüy Dökücü Krem (UNİSEX),ORNATE,Beauty Stock,233.51,,-41.6,InStock,Son 3 günde 250+ ürün satıldı!,3,250,83.3,4,3432,3,1893,"[""Kargo Bedava""]",Tahmini Teslim:,refreshed,0,https://www.trendyol.com/ornate/karinca-yumurtasi-tuy-dokucu-krem-unisex-p-834529801?boutiqueId=61&merchantId=707288
erkek:genel-erkek,34,34,-6,47.9,31.3,777615790,1194314,777615790:1194314,"WOU World of Unique Stick Krem, Koltuk Altı Terleme Önleyici 48 Saat Etkin Koruma Vegan, Erkek Koltu",WOU World of Unique,Kozfa Store,210.2,,5.3,InStock,Son 3 günde 500+ ürün satıldı!,3,500,166.7,4.5,2785,2,221,"[""Kargo Bedava"",""Son 10 Günün En Düşük Fiyatı"",""Trendyol Plus'a Özel""]",Tahmini Teslim:,refreshed,0,https://www.trendyol.com/wou-world-of-unique/stick-krem-koltuk-alti-terleme-onleyici-48-saat-etkin-koruma-vegan-erkek-koltu-p-777615790?boutiqueId=61&merchantId=1194314
erkek:genel-erkek,140,140,-7,25.6,8.1,394841,1189969,394841:1189969,Deotak Plus Çay Ağacı Yağı Krem Deodorant 35 ml 7 Güne Kadar Etkili Hassas Ciltler Ter Önleyici Unisex,Deotak,DermoShine Kozmetik,130,135,0,InStock,,,,,4.4,553,1,133,"[""Son 10 Günün En Düşük Fiyatı"",""Kargo Bedava"",""Son 10 günün en düşük fiyatı""]",Tahmini Teslim:,refreshed,0,https://www.trendyol.com/deotak/plus-cay-agaci-yagi-krem-deodorant-35-ml-7-gune-kadar-etkili-hassas-ciltler-ter-onleyici-unisex-p-394841?boutiqueId=61&merchantId=1189969
erkek:genel-erkek,49,49,-10,30.7,29,266864405,654443,266864405:654443,Restorex Keratin & Argan Onarıcı Saç Bakım Şampuanı 500ml,Restorex,Bioblas,96.59,,-35.6,InStock,3 günde 500+ ürün satıldı!,3,500,166.7,4.5,616,3,165,"[""Kargo Bedava""]",Tahmini Teslim:,refreshed,0,https://www.trendyol.com/restorex/keratin-argan-onarici-sac-bakim-sampuani-500ml-p-266864405?boutiqueId=61&merchantId=654443
erkek:genel-erkek,180,180,-13,36,4,810304931,447462,810304931:447462,Meguca Socks Unisex Comfort Pamuklu Terletmez Patik Çorap Seti 8 Çift,Meguca Socks,Meguca Socks,179.99,199.99,0,InStock,,,,,4.2,1800,9,156,"[""Sepette %10 İndirim"",""Kargo Bedava""]",Tahmini Teslim:,refreshed,0,https://www.trendyol.com/meguca-socks/unisex-comfort-pamuklu-terletmez-patik-corap-seti-8-cift-p-810304931?boutiqueId=61&merchantId=447462
erkek:genel-erkek,95,95,-13,31,13.5,848886948,337532,848886948:337532,Bioxcin Collagen & Biotin Ekstra Hacim Şampuanı 3 X 300 ml 3 Al 2 Öde - Kolajen Biotin Ince Ve Seyrek Saçlar,Bioxcin,Pharmasya Kozmetik ve Sağlık,499.9,,0,InStock,Son 3 günde 250+ ürün satıldı!,3,250,83.3,4.5,2289,3,568,"[""Kargo Bedava"",""Sepette %20 İndirim""]",Tahmini Teslim:,refreshed,0,https://www.trendyol.com/bioxcin/collagen-biotin-ekstra-hacim-sampuani-3-x-300-ml-3-al-2-ode-kolajen-biotin-ince-ve-seyrek-saclar-p-848886948?boutiqueId=61&merchantId=337532
erkek:genel-erkek,90,90,-14,47.4,10.9,691063557,611952,691063557:611952,"Yves Rocher Güçlendirici Prebiyotik Şampuan-Saç Dökülmesine Karşı/Anti-Chute-SLS,SLES içermez,Vegan-300ml",Yves Rocher,magasin de cometiques,490,568,-16.9,InStock,Son 3 günde 250+ ürün satıldı!,3,250,83.3,4.3,4852,1,568,"[""Kargo Bedava"",""Son 10 Günün En Düşük Fiyatı"",""Son 10 günün en düşük fiyatı""]",Tahmini Teslim:,refreshed,0,https://www.trendyol.com/yves-rocher/guclendirici-prebiyotik-sampuan-sac-dokulmesine-karsi-anti-chute-sls-sles-icermez-vegan-300ml-p-691063557?boutiqueId=61&merchantId=611952
erkek:genel-erkek,29,29,-16,64.8,36,1815598,736295,1815598:736295,"Restorex Speed Strong Saç Dökülmesine Karşı Şampuan 500 ml - Sarmaşık Özlü, Sağlıklı Uzama, Dökülme Karşıtı",Restorex,Nysa,149.9,164.99,0,InStock,Son 3 günde 500+ ürün satıldı!,3,500,166.7,4.4,1462,5,452,"[""Son 10 Günün En Düşük Fiyatı"",""Kargo Bedava"",""Son 10 günün en düşük fiyatı""]",Tahmini Teslim:,refreshed,0,https://www.trendyol.com/restorex/speed-strong-sac-dokulmesine-karsi-sampuan-500-ml-sarmasik-ozlu-saglikli-uzama-dokulme-karsiti-p-1815598?boutiqueId=61&merchantId=736295
erkek:genel-erkek,73,73,-16,33.9,10.7,816962541,1142754,816962541:1142754,Laventin Dökülen Ve Geç Uzayan Saçlar Için 11 Aktif Içerikli Saç Dökülmesi Karşıtı Şampuan 400 ml,Laventin,ORABELLA KOZMETİK,284.9,,0,InStock,Son 3 günde 250+ ürün satıldı!,3,250,83.3,4,5196,4,1698,"[""Kargo Bedava"",""Trendyol Plus'a Özel""]",Tahmini Teslim:,refreshed,0,https://www.trendyol.com/laventin/dokulen-ve-gec-uzayan-saclar-icin-11-aktif-icerikli-sac-dokulmesi-karsiti-sampuan-400-ml-p-816962541?boutiqueId=61&merchantId=1142754
erkek:genel-erkek,144,144,-17,21.5,8.5,35134640,1188,35134640:1188,Defacto Navy Erkek Aromatik 50 ml Parfüm L4179AZNS,Defacto,DeFacto,299.99,,0,InStock,,,,,4.5,484,1,66,[],Tahmini Teslim:,refreshed,0,https://www.trendyol.com/defacto/navy-erkek-aromatik-50-ml-parfum-l4179azns-p-35134640?boutiqueId=61&merchantId=1188
erkek:genel-erkek,192,192,-18,54.6,5.4,798518087,263314,798518087:263314,MİSTİRİK Sauna-Şort Extra İncelten Yağ Yakan Termal İçlik Sauna Şort,MİSTİRİK,Mistirik,489.99,699.99,0,InStock,,,,,4.1,1194,3,1671,"[""Sepette %30 İndirim"",""Kargo Bedava""]",Tahmini Teslim:,refreshed,0,https://www.trendyol.com/mistirik/sauna-sort-extra-incelten-yag-yakan-termal-iclik-sauna-sort-p-798518087?boutiqueId=61&merchantId=263314
erkek:genel-erkek,121,121,-19,26,4,905023641,1060158,905023641:1060158,PHELSİUM Dökülme Karşıtı Kemik İlikli Bakım Şampuanı 500 ml,PHELSİUM,Online Sipariş,419,,0,InStock,,,,,4.2,1781,3,806,"[""Kargo Bedava""]",Tahmini Teslim:,refreshed,0,https://www.trendyol.com/phelsium/dokulme-karsiti-kemik-ilikli-bakim-sampuani-500-ml-p-905023641?boutiqueId=61&merchantId=1060158
erkek:genel-erkek,148,148,-20,22.8,17.2,1164116598,109643,1164116598:109643,"Laslusa Butter Tereyağı & Cheese Peynir Squishy 2'li Paket – Slow Rising Sıkılabilir Stres Oyuncağı, Duyusal Fidget Oyuncak",Laslusa,Rüya Gezegeni,410.4,456,0,InStock,,,,,3.5,39,5,57,"[""Kargo Bedava"",""Son 10 Günün En Düşük Fiyatı""]",Tahmini Teslim:,refreshed,0,https://www.trendyol.com/laslusa/butter-tereyagi-cheese-peynir-squishy-2-li-paket-slow-rising-sikilabilir-stres-oyuncagi-duyusal-fidget-oyuncak-p-1164116598?boutiqueId=61&merchantId=109643
erkek:genel-erkek,197,197,-60,20.4,9.6,815122010,143963,815122010:143963,MorBebe Bohe Lüx Ayakkabı Seyehat Tipi Çanta ( Valiz Çantası ),MorBebe,morbebe,182.5,,0,InStock,,,,,4.5,357,3,46,"[""Sepette %3 İndirim"",""Kargo Bedava"",""Trendyol Plus'a Özel""]",Tahmini Teslim:,refreshed,0,https://www.trendyol.com/morbebe/bohe-lux-ayakkabi-seyehat-tipi-canta-valiz-cantasi-p-815122010?boutiqueId=61&merchantId=143963
erkek:genel-erkek,191,191,-73,20.3,9.7,929884285,451556,929884285:451556,Morfose Hızlı Beyaz ve Gri Kapatıcı Şampuan 420 ml Doğal Siyah,Morfose,MORFOSE,278.14,,0,InStock,,,,,4.3,342,4,325,"[""Kargo Bedava""]",Tahmini Teslim:,refreshed,0,https://www.trendyol.com/morfose/hizli-beyaz-ve-gri-kapatici-sampuan-420-ml-dogal-siyah-p-929884285?boutiqueId=61&merchantId=451556
erkek:genel-erkek,200,200,-96,40.6,12.5,966316113,736295,966316113:736295,Restorex Keratin & Argan Onarıcı Şampuan 900 ml – Kırılma Karşıtı Güçlendirme,Restorex,Nysa,199.99,259.99,,InStock,,,,,4.6,153,5,43,"[""Son 10 Günün En Düşük Fiyatı"",""Sepette %15 İndirim"",""Kargo Bedava"",""Son 10 günün en düşük fiyatı""]",Tahmini Teslim:,refreshed,0,https://www.trendyol.com/restorex/keratin-argan-onarici-sampuan-900-ml-kirilma-karsiti-guclendirme-p-966316113?boutiqueId=61&merchantId=736295
